"","lon","lat","location"
"1",-3.7123039,40.4059778,"CALLE DE TOLEDO 120 "
"2",-3.6054165,40.4482602,"CALLE DE MEQUINENZA 14 "
"3",-3.7092715,40.4174025,"CALLE DE LA ESCALINATA 8 "
"4",-3.7082424,40.4152041,"CALLE DE LA CAVA DE SAN MIGUEL 13 "
"5",-3.7358665,40.4336687,"PUENTE DE LOS FRANCESES NA "
"6",-3.769469,40.3990229,"CARRETERA DE BOADILLA DEL MONTE 27 "
"7",-3.6990892,40.4543492,"CALLE DE LA INFANTA MERCEDES 27 "
"8",NA,NA,"CALLE DE ANTONIO DE CABEZON 91 "
"9",NA,NA,"CUESTA DE LA VEGA - PASEO DE LA CIUDAD DE PLASENCIA NA "
"10",NA,NA,"CALLE DE AREVALO LARA - CALLE DE TAMPICO NA "
"11",NA,NA,"CALLE DE SAN FELIPE NERI - PLAZA DE LOS HERRADORES NA "
"12",NA,NA,"CALLE DE LA RIBERA DEL SENA - GLORIETA DE LUXEMBURGO NA "
"13",NA,NA,"CALLE DE FREUD - CALLE DE MARX NA "
"14",NA,NA,"RONDA DE TOLEDO 14 "
"15",-3.7113689,40.4138092,"CALLE DE SEGOVIA 16 "
"16",NA,NA,"CALLE DE BRAVO MURILLO 101 "
"17",NA,NA,"CALLE DE LA GOLONDRINA - CALLE DE VALTRAVIESO NA "
"18",-3.6957682,40.4610997,"CALLE DE LA INFANTA MERCEDES - CALLE DE SOR ANGELA DE LA CRUZ NA "
"19",-3.6169642,40.4204115,"CALLE DE LA REPUBLICA CHECA 1 "
"20",-3.6920892,40.4182985,"CALLE DE MONTALBAN 1 "
"21",-3.7008823,40.4587089,"CALLE DE BRAVO MURILLO 243 "
"22",-3.7002595,40.4201626,"CALLE GRAN VIA 22 "
"23",-3.6911528,40.4194375,"CALLE DE ALCALA 52 "
"24",NA,NA,"CALLE DE GRAÑON - CALLE DE SAN JUAN DE ORTEGA NA "
"25",NA,NA,"AVENIDA DE LA DEMOCRACIA - BULEVAR DE JOSE PRAT NA "
"26",-3.6909271,40.4129047,"CALLE DE ESPALTER 3 "
"27",-3.6943243,40.3959229,"PASEO DE LAS DELICIAS 89 "
"28",NA,NA,"AVENIDA DE MANUEL AZAÑA - CARRETERA A LA ESTACION DE HORTALEZA NA "
"29",NA,NA,"CALLE DE JOSE SILVA - CALLE DE TORRELAGUNA NA "
"30",-3.6893584,40.4463167,"CALLE DE JOAQUIN COSTA 9 "
"31",-3.6874963,40.4707468,"PASEO DE LA CASTELLANA 244 "
"32",-3.7649522,40.4006459,"CARRIL ANILLO VERDE CICLISTA KM. 32000 "
"33",NA,NA,"CALLE DE GOYA 71 "
"34",NA,NA,"CALLE DE GUTIERREZ SOLANA - PASEO DE LA HABANA NA "
"35",NA,NA,"CALLE DE O'DONNELL 44 "
"36",-3.778788,40.411686,"CARRETERA DE RODAJOS NA "
"37",-3.6759117,40.4070263,"AVENIDA DEL MEDITERRANEO 16 "
"38",-3.69293,40.40848,"PLAZA DEL EMPERADOR CARLOS V 8 "
"39",NA,NA,"AVENIDA DE MACHUPICHU - CALLE DE JOSE MIGUEL GURIDI NA "
"40",-3.887755,40.8886527,"AVENIDA DEL MONASTERIO DE SILOS - CALLE DEL MONASTERIO DE EL PAULAR NA "
"41",-3.670286,40.4086691,"CALLE DEL DOCTOR ESQUERDO 114 "
"42",NA,NA,"PASEO DE VENEZUELA - PASEO DEL FERNAN NUÑEZ NA "
"43",NA,NA,"CALLE DEL MONASTERIO DE ARLANZA 27 "
"44",NA,NA,"CALLE DE CEDACEROS 4 "
"45",-3.6946425,40.416939,"PASEO DEL PRADO 6 "
"46",NA,NA,"AVENIDA DEL PLANETARIO - CALLE DE EROS NA "
"47",NA,NA,"CALLE MAYOR 70 "
"48",-3.6194912,40.4562715,"AVENIDA DE LOS ANDES - GLORIETA DE YUCATAN NA "
"49",-3.70321,40.438438,"CALLE DE BRAVO MURILLO - CALLE DE JOSE ABASCAL NA "
"50",NA,NA,"AUTOVIA M-30 CALZADA 2 - AVENIDA DE AMERICA NA "
"51",NA,NA,"CALLE DE SAN BERNARDO 5 "
"52",-3.625966,40.4264676,"AVENIDA DE ARCENTALES 7 "
"53",-3.6895114,40.4006278,"CALLE DE BUSTAMANTE - PASEO DE LAS DELICIAS NA "
"54",-3.6742279,40.4249911,"CALLE DE GOYA 97 "
"55",-3.7137603,40.4547694,"CALLE DEL ALMIRANTE FRANCISCO MORENO 13 "
"56",-3.7025434,40.4044291,"GLORIETA DE EMBAJADORES 5 "
"57",NA,NA,"CALLE DE TORIJA - PLAZA DE LA MARINA ESPAÑOLA NA "
"58",-3.6929963,40.4295488,"CALLE DE ZURBARAN - PASEO DE LA CASTELLANA NA "
"59",NA,NA,"AVENIDA DE MENENDEZ PELAYO 32 "
"60",NA,NA,"CALLE DE LOS BARROS - RONDA SUR NA "
"61",-3.7082607,40.4183747,"PLAZA DE SANTA CATALINA DE LOS DONADOS 3 "
"62",NA,NA,"AVENIDA DE LA PRINCESA JUANA DE AUSTRIA - AVENIDA DE LOS POBLADOS NA "
"63",NA,NA,"CALLE DE PRECIADOS 28 "
"64",-3.6765915,40.4245791,"CALLE DE ALCALA 149 "
"65",NA,NA,"CALLE DEL ARROYO DEL MONTE - PLAZA DE LA PRADERA DEL SACERAL NA "
"66",NA,NA,"PLAZA DEL EMPERADOR CARLOS V - RONDA DE ATOCHA NA "
"67",-3.7003169,40.4602744,"CALLE DE LOS ALGODONALES 10 "
"68",-3.6944076,40.4194013,"CALLE DE ALCALA 51 "
"69",-3.6625715,40.4210745,"CALLE DEL ALCALDE SAINZ DE BARANDA 92 "
"70",-3.7311464,40.415269,"PASEO DE LA PUERTA DEL ANGEL 3 "
"71",NA,NA,"ACCESO A LA AUTOVIA M-40 - AVENIDA DE CANILLEJAS A VICALVARO NA "
"72",-3.6863644,40.4388619,"CALLE DE SERRANO 103 "
"73",NA,NA,"CALLE DE MALMOE - PLAZA DE ALSACIA NA "
"74",NA,NA,"CALLE DE NUESTRA SEÑORA DE VALVERDE 45 "
"75",-3.7226761,40.4633896,"CALLE DEL MIRADOR DE LA SIERRA 12 "
"76",NA,NA,"AUTOVIA M-40 - AVENIDA DE CANILLEJAS A VICALVARO NA "
"77",NA,NA,"AVENIDA DE NICETO ALCALA ZAMORA - CALLE DE ARIADNA NA "
"78",NA,NA,"AVENIDA DE LOS POBLADOS - CALLE DE LAS CERILLERAS NA "
"79",-3.7165991,40.5042348,"CARRETERA DE PARDO A FUENCARRAL KM. 7 "
"80",-3.6999578,40.4328636,"CALLE DE SANTA FELICIANA 6 "
"81",NA,NA,"AVENIDA DE ASTURIAS - CALLE DE SINESIO DELGADO NA "
"82",NA,NA,"CALLE DE ZAIDA - CALLE DEL ARROYO VALDECELADA NA "
"83",NA,NA,"PASEO DE CAMOENS Y VALERO NA "
"84",NA,NA,"CALLE DE GUZMAN EL BUENO - CALLE DEL GENERAL ASENSIO CABANILLAS NA "
"85",-3.6054104,40.3669113,"AVENIDA DE LA GAVIA - AVENIDA DEL CERRO MILANO NA "
"86",-3.7124119,40.3457982,"PASEO DE ALBERTO PALACIOS 34 "
"87",-3.6844995,40.4152606,"PARQUE DEL RETIRO NA "
"88",-3.7024276,40.4172093,"PLAZA DE LA PUERTA DEL SOL 1 "
"89",NA,NA,"CALLE DE ZURBANO - PASEO DE EDUARDO DATO NA "
"90",-3.6870428,40.4250955,"CALLE DE GOYA - CALLE DE SERRANO NA "
"91",-3.6807496,40.405127,"AVENIDA DE MENENDEZ PELAYO 38 "
"92",-3.737319,40.3774839,"CALLE DE CARCASTILLO 25 "
"93",-3.6224136,40.4341675,"AVENIDA DE ARCENTALES - CALLE DE MIGUEL YUSTE NA "
"94",-3.6835924,40.4558136,"CALLE DE LOS CONDES DEL VAL 11 "
"95",NA,NA,"CALLE DE LOPE DE RUEDA - CALLE DE O'DONNELL NA "
"96",-3.6555032,40.4632264,"CARRETERA DE CANILLAS 10 "
"97",-3.707072,40.4261751,"CALLE DE SAN BERNARDO 59 "
"98",-3.6991767,40.4461361,"CALLE DE RAIMUNDO FERNANDEZ VILLAVERDE 30 "
"99",-3.65999,40.37313,"AVENIDA DE LAS GLORIETAS 14 "
"100",-3.6961452,40.4282609,"CALLE DE GENOVA - PLAZA DE ALONSO MARTINEZ NA "
"101",-3.739573,40.388629,"CALLE DE LA OCA - CALLE DE RAMON SAINZ NA "
"102",-3.6964073,40.3429498,"CALLE DE SAN NORBERTO 8 "
"103",-3.7385101,40.4383179,"CARRETERA DE EL PARDO 7 "
"104",NA,NA,"PLAZA DE SANTA BARBARA 6 "
"105",NA,NA,"PLAZA DE LA ASAMBLEA DE MADRID NA "
"106",-3.68901,40.41209,"CALLE DE ALFONSO XII 52 "
"107",-3.7094414,40.4339296,"CALLE DE FERNANDO EL CATOLICO 25 "
"108",-3.695907,40.444509,"CALLE DE MARIA PANES - CALLE DE MODESTO LAFUENTE NA "
"109",-3.692037,40.4048545,"CALLE DE MURCIA - CALLE DE RAFAEL DE RIEGO NA "
"110",NA,NA,"CALLE DE EMERENCIANA ZURILLA - CALLE DE SAN RESTITUTO NA "
"111",-3.6606207,40.460056,"CALLE DE ARTURO SORIA - CUESTA DEL SAGRADO CORAZON NA "
"112",NA,NA,"AVENIDA DE LAS COMUNIDADES - BULEVAR DE JOSE PRAT NA "
"113",-3.735648,40.3821777,"CALLE DEL GENERAL RICARDOS 177 "
"114",-3.6875725,40.3555592,"CARRETERA DE VILLAVERDE A VALLECAS KM. 1300 "
"115",-3.7212096,40.4046273,"CALLE DE SAN ALEJANDRO 6 "
"116",NA,NA,"GLORIETA DE LOS PATINES - PASEO DE LA PUERTA DEL ANGEL NA "
"117",NA,NA,"CALLE DE BUGEDO - CALLE DE TRESPADERNE NA "
"118",-3.7649522,40.4006459,"CARRIL ANILLO VERDE CICLISTA KM. 43300 "
"119",-3.696855,40.453204,"AVENIDA DEL PRESIDENTE CARMONA - CALLE DE LOS MARTIRES DE LA VENTILLA NA "
"120",-3.704899,40.432597,"CALLE DE SAN BERNARDO - CALLE DE SAN VICENTE FERRER NA "
"121",-3.7034137,40.4955708,"CALLE DE LA COSTA BRAVA 17 "
"122",-3.702088,40.4041324,"CALLE DE EMBAJADORES 76 "
"123",NA,NA,"CALLE DE BRAVO MURILLO 288 "
"124",NA,NA,"PLAZA DE GABRIEL MIRO 3 "
"125",NA,NA,"CALLE DEL CABALLERO DE GRACIA 36 "
"126",NA,NA,"CALLE DE FRANCISCO SILVELA 50 "
"127",-3.7057433,40.4297496,"CALLE DE SAN BERNARDO - CALLE DEL PEZ NA "
"128",NA,NA,"PASEO DE SANTA MARIA DE LA CABEZA 10 "
"129",-3.700126,40.430221,"CALLE DE LUCHANA - GLORIETA DE BILBAO NA "
"130",-3.7185609,40.4136184,"CALLE DE SEGOVIA 57 "
"131",-3.7021743,40.4190307,"CALLE DE LA MONTERA - CALLE DE LOS JARDINES NA "
"132",-3.6969402,40.4098089,"PASEO DEL FERNAN NUÑEZ NA "
"133",-3.679343,40.4034777,"AVENIDA DE LA CIUDAD DE BARCELONA - CALLE DEL ALBERCHE NA "
"134",NA,NA,"AVENIDA DE LOS ANDES 46 "
"135",-3.7038134,40.4450219,"CALLE DE BRAVO MURILLO 80 "
"136",-3.715135,40.3481703,"PASEO DE LOS FERROVIARIOS 11 "
"137",-3.6629605,40.3691961,"BARRIO DE LA CELSA - CARRETERA DE VILLAVERDE A VALLECAS NA "
"138",-3.6864227,40.4279023,"CALLE DE AYALA 15 "
"139",NA,NA,"CALLE DE DOLORES BARRANCO - CALLE DE LOS FERROVIARIOS NA "
"140",NA,NA,"CALLE DE BOLIVAR - CALLE DEL BRONCE NA "
"141",NA,NA,"CALLE DE MOHERNANDO - CALLE DE PIO FELIPE NA "
"142",NA,NA,"PASEO DE SANTA MARIA DE LA CABEZA 23 "
"143",-3.6393556,40.4374678,"CALLE DE ALCALA 413 "
"144",NA,NA,"PASEO DE YESERIAS 29 "
"145",-3.6978161,40.4621601,"CALLE DE BRAVO MURILLO 299 "
"146",-3.6844995,40.4152606,"PARQUE DEL RETIRO - PASEO DEL FERNAN NUÑEZ NA "
"147",NA,NA,"AVENIDA DE LA PESETA - CALLE DEL LUIS DE ORO NA "
"148",-3.6552865,40.4585597,"CALLE DE BELISANA 17 "
"149",-3.6404248,40.5004371,"CALLE DE LUIS MARTINEZ FEDUCHI 1 "
"150",NA,NA,"CALLE DE ZURBANO - PASEO DE EDUARDO DATO NA "
"151",-3.6925684,40.4014911,"CALLE DE RAFAEL DE RIEGO 46 "
"152",-3.6668792,40.4287021,"CALLE DE ALCALA 160 "
"153",-3.6214517,40.3752071,"CALLE DE AMALIA MARCOS - CALLE DEL PUERTO DE PORZUNA NA "
"154",-3.7092543,40.4136065,"CALLE DE SEGOVIA 1 "
"155",-3.6468356,40.4298133,"CALLE DE LEDESMA - CALLE DE SERVANDO BATANERO NA "
"156",-3.7363981,40.4381745,"CALLE DE LA SENDA DEL REY NA "
"157",NA,NA,"CALLE DE CLAUDIO COELLO - CALLE DE JUAN BRAVO NA "
"158",NA,NA,"CALLE DEL PUENTE DE SEGOVIA - PASEO DE LA VIRGEN DEL PUERTO NA "
"159",NA,NA,"AVENIDA DEL MEDITERRANEO 28 "
"160",-3.707661,40.423015,"CALLE GRAN VIA - CALLE DE SAN BERNARDO NA "
"161",-3.7193166,40.3956848,"CALLE DEL GENERAL RICARDOS 37 "
"162",-3.7030272,40.4163172,"CALLE DE CARRETAS 7 "
"163",NA,NA,"PLAZA DEL EMPERADOR CARLOS V - RONDA DE ATOCHA NA "
"164",-3.750849,40.4637653,"CARRETERA DE LA CIUDAD UNIVERSITARIA KM. 1 "
"165",-3.6926219,40.4186147,"PASEO DEL PRADO 1 "
"166",-3.7047709,40.4583905,"CALLE DE BERRUGUETE 51 "
"167",-3.7036582,40.450329,"CALLE DE BRAVO MURILLO 137 "
"168",NA,NA,"CALLE DE FRANCISCO DE ROJAS - CALLE DE NICASIO GALLEGO NA "
"169",-3.6925054,40.3814633,"CAMINO DE PERALES 20 "
"170",-3.7109346,40.3980331,"PARQUE DE MADRID RIO (RIBERA OESTE) KM. 5800 "
"171",-3.6844995,40.4152606,"PARQUE DEL RETIRO NA "
"172",-3.7109346,40.3980331,"PARQUE DE MADRID RIO (RIBERA ESTE) KM. 1800 "
"173",-3.6995454,40.4110475,"CALLE DE TORRECILLA DEL LEAL - CALLE DEL OLMO NA "
"174",-3.6052271,40.447758,"AVENIDA DE LUIS ARAGONÉS 4 "
"175",-3.5834878,40.443035,"CALLE DE CAMPEZO 16 "
"176",-3.698831,40.427315,"CALLE DE HORTALEZA - CALLE DE MEJIA LEQUERICA NA "
"177",NA,NA,"CALLE DE LUCHANA - CALLE DE SANTA ENGRACIA NA "
"178",NA,NA,"PASEO DE RECOLETOS 25 "
"179",-3.7088291,40.4718023,"CALLE DE SINESIO DELGADO - CALLE DEL CAPITAN BLANCO ARGIBAY NA "
"180",-3.7718109,40.3363411,"CALLE DE JULIO CARO BAROJA - CAMINO DEL VALDEBEBAS NA "
"181",NA,NA,"CALLE DE ALMAGRO 34 "
"182",-3.5882563,40.4627496,"AVENIDA DE LOGROÑO - CALLE DE TINTIN Y MILU NA "
"183",-3.7002908,40.439006,"CALLE DE SANTA ENGRACIA 106 "
"184",NA,NA,"PASEO DE LAS DELICIAS - PLAZA DE LUCA DE TENA NA "
"185",-3.7649522,40.4006459,"CARRIL ANILLO VERDE CICLISTA KM. 7200 "
"186",-3.6961407,40.4282577,"PLAZA DE ALONSO MARTINEZ 3 "
"187",-3.7788709,40.4585487,"CALLE DE ANA TERESA - CALLE DE ANTONIO SANFIZ NA "
"188",-3.7227934,40.4139658,"CALLE DEL PUENTE DE SEGOVIA NA "
"189",-3.7014311,40.4101573,"CALLE DEL OLIVAR 31 "
"190",NA,NA,"AVENIDA DE LA PRINCESA JUANA DE AUSTRIA - AVENIDA DE LOS POBLADOS NA "
"191",-3.6386608,40.4115378,"CALLE DE JOSE BERGAMIN 30 "
"192",-3.6790191,40.4366569,"CALLE DEL PRINCIPE DE VERGARA - PLAZA DE LA REPUBLICA DEL ECUADOR NA "
"193",NA,NA,"PASEO DEL PRADO 48 "
"194",-3.6740583,40.4348097,"CALLE DE DIEGO DE LEON - CALLE DE FRANCISCO SILVELA NA "
"195",NA,NA,"CALLE DE LA COALICION - CALLE DE LA UNANIMIDAD NA "
"196",NA,NA,"AVENIDA DE MIGUEL HERNANDEZ - CALLE DE RAFAEL FERNANDEZ HIJICOS NA "
"197",-3.7369994,40.4850232,"CALLE DE GABRIELA MISTRAL - CALLE DEL ARROYO DEL MONTE NA "
"198",-3.6039713,40.4542873,"PARQUE DE JUAN CARLOS I 1 "
"199",-3.6859977,40.4292304,"CALLE DE CLAUDIO COELLO - CALLE DE GOYA NA "
"200",-3.72987,40.4179686,"PASEO DEL EMBARCADERO 6 "
"201",-3.6625715,40.4210745,"CALLE DEL ALCALDE SAINZ DE BARANDA 92 "
"202",NA,NA,"CALLE DE LOS HERMANOS DEL MORAL - CALLE DEL GENERAL RICARDOS NA "
"203",NA,NA,"CALLE DEL DOCTOR ESQUERDO 62 "
"204",NA,NA,"AVENIDA DEL MONASTERIO DE SILOS 14 "
"205",-3.6925117,40.4155232,"PLAZA DE LA LEALTAD 5 "
"206",-3.6262921,40.4394233,"CALLE DE ALCALA - CALLE DE VALENTIN BEATO NA "
"207",NA,NA,"CALLE DE LABAJOS 4 "
"208",-3.703956,40.4255326,"CALLE DE SAN ANDRES - CALLE DEL ESPIRITU SANTO NA "
"209",NA,NA,"CALLE DE ALCALA - CALLE DEL MARQUES DE CASA RIERA NA "
"210",NA,NA,"CALLE DE BERNARDINO OBREGON - CALLE DE PALOS DE LA FRONTERA NA "
"211",NA,NA,"AVENIDA DEL PALACIO - CARRETERA DE PARDO A FUENCARRAL NA "
"212",-3.6457982,40.4446579,"CALLE DE ARTURO SORIA 65 "
"213",-4.0360699,40.1894126,"CALLE DE ILLESCAS - CALLE DE VALMOJADO NA "
"214",-3.6935064,40.4379943,"CALLE DE JOSE ABASCAL 48 "
"215",NA,NA,"CALLE DEL PINTOR LUCIO MUÑOZ 17 "
"216",-3.6477346,40.453549,"AVENIDA DE LOS MADROÑOS 15 "
"217",-3.7123158,40.4152865,"CALLE MAYOR 84 "
"218",NA,NA,"AVENIDA DEL MONASTERIO DE SILOS - VIA FERROCARRIL DE MIRASIERRA NA "
"219",-3.69863,40.41636,"CARRERA DE SAN JERONIMO 34 "
"220",-3.6970175,40.4201107,"CALLE DE LAS INFANTAS - CALLE DEL CLAVEL NA "
"221",-3.7587457,40.4263555,"PARQUE DE LA CASA DE CAMPO NA "
"222",NA,NA,"AVENIDA DE LA CIUDAD DE BARCELONA - CALLE DE SECO NA "
"223",-3.6980376,40.4080104,"CALLE DE ARGUMOSA - RONDA DE ATOCHA NA "
"224",NA,NA,"CALLE DE ALCALA - CALLE DE CRONOS NA "
"225",-3.6694513,40.4475978,"CALLE DE LOPEZ DE HOYOS 141 "
"226",NA,NA,"AVENIDA DE SANTO DOMINGO DE LA CALZADA - AVENIDA DEL CAMINO DE SANTIAGO NA "
"227",-3.72211,40.4215552,"CALLE DE ANICETO MARINAS 16 "
"228",NA,NA,"PASEO DE LA CASTELLANA 46 "
"229",-3.68993,40.39026,"CALLE DE LA ANTRACITA 10 "
"230",NA,NA,"PASEO DE SANTA MARIA DE LA CABEZA 8 "
"231",-3.6953075,40.4105962,"CALLE DE ATOCHA 107 "
"232",-3.693189,40.4084654,"PASEO DE SANTA MARIA DE LA CABEZA - PLAZA DEL EMPERADOR CARLOS V NA "
"233",NA,NA,"CALLE DE ALFONSO XII 8 "
"234",-3.6967994,40.4430044,"CALLE DE ALONSO CANO - CALLE DE CRISTOBAL BORDIU NA "
"235",-3.6852035,40.4590584,"AVENIDA DE ALBERTO ALCOCER - CALLE DEL PADRE DAMIAN NA "
"236",-3.70542,40.464338,"CALLE DEL MARQUES DE VIANA - PASEO DE LA DIRECCION NA "
"237",NA,NA,"CALLE DEL GENERAL MARTIN CEREZO - CALLE DEL GENERAL RICARDOS NA "
"238",-3.6197166,40.4375835,"CALLE DE JULIAN CAMARILLO 46 "
"239",-3.7723921,40.3825573,"AVENIDA DEL GENERAL FANJUL 63 "
"240",NA,NA,"CALLE DE ALCALA - CALLE DEL DOCTOR VALLEJO NA "
"241",NA,NA,"AVENIDA COMPLUTENSE 12 "
"242",-3.6844995,40.4152606,"PARQUE DEL RETIRO NA "
"243",NA,NA,"AVENIDA DE LA ALBUFERA 272 "
"244",NA,NA,"CARRETERA DEL ZARZON - PASEO DE LA VENTA NA "
"245",-3.6513933,40.3739954,"CAMINO DEL POZO DEL TIO RAIMUNDO 1 "
"246",-3.6492802,40.4477481,"CALLE DE JOSEFA VALCARCEL 2 "
"247",NA,NA,"CALLE DE ZAPARDIEL - CALLE DE ZUBIA NA "
"248",-3.6714837,40.4112971,"AVENIDA DE NAZARET 8 "
"249",-3.7587457,40.4263555,"PARQUE DE LA CASA DE CAMPO NA "
"250",-3.6881514,40.4292067,"CALLE DEL MARQUES DE VILLAMAGNA 6 "
"251",-3.7017868,40.4170238,"CALLE DE ALCALA 4 "
"252",-3.712081,40.4139777,"CALLE DE SEGOVIA 18 "
"253",-3.6999072,40.4252391,"CALLE DE SAN MATEO 8 "
"254",NA,NA,"CALLE DE ALCALA 52 "
"255",-3.7116463,40.4246727,"CALLE DE LA PRINCESA 2 "
"256",NA,NA,"CALLE DE FUENCARRAL - PLAZUELA DE ANTONIO VEGA NA "
"257",-3.6554922,40.5072579,"CALLE DE LOS PADRES DOMINICOS - CALLE DE MANUEL POMBO ANGULO NA "
"258",-3.6675256,40.4531274,"AVENIDA DE ALFONSO XIII 51 "
"259",NA,NA,"PASEO DE LOS PLATANOS NA "
"260",-3.6916066,40.4202318,"PLAZA DE CIBELES 2 "
"261",-3.7019146,40.4094013,"CALLE DE LAVAPIES 47 "
"262",NA,NA,"CALLE DE O'DONNELL 26 "
"263",NA,NA,"CALLE GRAN VIA 19 "
"264",-3.6992483,40.4383784,"CALLE DE ALONSO CANO - CALLE DE ESPRONCEDA NA "
"265",-3.63999,40.3875802,"AVENIDA DE LA ALBUFERA - AVENIDA DE MIGUEL HERNANDEZ NA "
"266",-3.6887103,40.4755019,"AVENIDA DE MONFORTE DE LEMOS 2 "
"267",-3.714677,40.4211673,"CALLE DE CADARSO - CUESTA DE SAN VICENTE NA "
"268",-3.6826111,40.4325961,"CALLE DE JUAN BRAVO 20 "
"269",NA,NA,"CALLE DE ALBASANZ - CALLE DE ALFONSO GOMEZ NA "
"270",NA,NA,"CALLE DE CARLOS SOLE - CALLE DE JOSE PAULETE NA "
"271",-3.6876459,40.4333698,"PASEO DE LA CASTELLANA 42 "
"272",-3.6848118,40.4443484,"CALLE DE JOAQUIN COSTA - PASEO DE LA CASTELLANA NA "
"273",-3.6552851,40.4230344,"AVENIDA DEL MARQUES DE CORBERA 14 "
"274",-3.7025914,40.4081284,"CALLE DE SOMBRERETE - CALLE DEL MESON DE PAREDES NA "
"275",-3.6864873,40.4708665,"CALLE DE MAURICIO LEGENDRE 17 "
"276",NA,NA,"CALLE DE ANTONIO MAIRENA 4 "
"277",-3.6844995,40.4152606,"PARQUE DEL RETIRO NA "
"278",NA,NA,"AVENIDA DE PABLO IGLESIAS - CALLE DE JUAN MONTALVO NA "
"279",NA,NA,"CARRETERA DEL PARQUE DE ATRACCIONES 1 "
"280",-3.7201867,40.3951386,"CALLE DEL GENERAL RICARDOS 49 "
"281",-3.6196137,40.4261408,"CALLE DE AMPOSTA - CALLE DE POBLADURA DEL VALLE NA "
"282",-3.7025914,40.4081284,"CALLE DE SOMBRERETE - CALLE DEL MESON DE PAREDES NA "
"283",-3.7022065,40.4295466,"GLORIETA DE BILBAO 3 "
"284",-3.6173346,40.3726387,"CALLE DE MUELA DE SAN JUAN - CAMINO DE LA SUERTE NA "
"285",-3.6807496,40.405127,"AVENIDA DE MENENDEZ PELAYO 38 "
"286",-3.6749609,40.5107512,"CALLE DE FROMISTA 13 "
"287",NA,NA,"AVENIDA DE FRANCISCO JAVIER SÁENZ DE OIZA - AVENIDA DE FRANCISCO PI Y MARGALL NA "
"288",NA,NA,"CALLE DE EMBAJADORES - PASEO DE SANTA MARIA DE LA CABEZA NA "
"289",NA,NA,"CALLE DE PORTOMARIN 5 "
"290",NA,NA,"AVENIDA DEL PALACIO NA "
"291",NA,NA,"CALLE DE ARTURO SORIA - CALLE DEL GENERAL KIRKPATRICK NA "
"292",-3.6474075,40.4851886,"AVENIDA DE NICETO ALCALA ZAMORA 3 "
"293",-3.7109346,40.3980331,"PARQUE DE MADRID RIO (RIBERA OESTE) KM. 5500 "
"294",NA,NA,"CALLE DE ARIADNA - CARRETERA A LA ESTACION DE HORTALEZA NA "
"295",NA,NA,"CALLE DE SAN BERNARDO 75 "
"296",-3.6874,40.4260776,"CALLE DE SERRANO 40 "
"297",-3.6042857,40.4536892,"AVENIDA DE LOGROÑO 34 "
"298",NA,NA,"CALLE MAYOR 81 "
"299",-3.6954253,40.4715403,"CALLE DEL PADRE RUBIO 61 "
"300",-3.6940663,40.4581664,"CALLE DE ORENSE 52 "
"301",NA,NA,"CALLE DE CASAS DE MIRAVETE - CARRETERA DE VILLAVERDE A VALLECAS NA "
"302",-3.6970707,40.4162696,"PLAZA DE LAS CORTES 1 "
"303",NA,NA,"CALLE CHIQUITA - CALLE DEL DOCTOR MARTIN AREVALO NA "
"304",-3.6042857,40.4536892,"AVENIDA DE LOGROÑO 34 "
"305",-3.7162468,40.453668,"CALLE DEL ALMIRANTE FRANCISCO MORENO 5 "
"306",NA,NA,"CALLE DE LA PIROTECNIA - CALLE DE LOS SONDEOS NA "
"307",-3.6923128,40.4039451,"CALLE DE ANCORA - PASEO DE LAS DELICIAS NA "
"308",-3.656941,40.4317658,"CALLE DE ALCALA 238 "
"309",-3.7000769,40.4006053,"GLORIETA DE SANTA MARIA DE LA CABEZA - CALLE DE EMBAJADORES NA "
"310",-3.6844407,40.3688321,"CALLE DE EMBAJADORES - CAMINO DE PERALES NA "
"311",-3.7131411,40.4138002,"CALLE DE SEGOVIA 21 "
"312",-3.7013595,40.4201962,"CALLE GRAN VIA 26 "
"313",-3.7035285,40.4169473,"CALLE DE CARRETAS - PLAZA DE LA PUERTA DEL SOL NA "
"314",-3.6755048,40.3491396,"AVENIDA DE LOS ROSALES - CARRETERA DE VILLAVERDE A VALLECAS NA "
"315",NA,NA,"AVENIDA DE NUESTRA SEÑORA DE FATIMA - CALLE DEL PINGÜINO NA "
"316",-3.730197,40.4147392,"PASEO DE LA PUERTA DEL ANGEL 1 "
"317",NA,NA,"CALLE DE PEÑA GORBEA 13 "
"318",-3.6940039,40.3910228,"CALLE DE MANUEL ALEIXANDRE 6 "
"319",-3.7109346,40.3980331,"PARQUE DE MADRID RIO (RIBERA ESTE) KM. 4600 "
"320",-3.7024276,40.4172093,"PLAZA DE LA PUERTA DEL SOL 1 "
"321",-3.690482,40.461107,"PASEO DE LA CASTELLANA - CALLE DE GENOVA NA "
"322",NA,NA,"CALLE MAYOR - PLAZA DE SAN MIGUEL NA "
"323",-3.6742581,40.4322108,"CALLE DE JUAN BRAVO - CALLE DEL CONDE DE PEÑALVER NA "
"324",-3.6757924,40.4062048,"CALLE DE CAVANILLES 21 "
"325",-3.6403711,40.4750163,"CALLE DE GREGORIO SANCHEZ HERRAEZ 1 "
"326",NA,NA,"AVENIDA DEL MANZANARES 194 "
"327",-3.7160231,40.4293629,"CALLE DE FERRAZ - CALLE DEL BUEN SUCESO NA "
"328",NA,NA,"CALLE DE LA FRAGATA - CALLE DE ZAIDA NA "
"329",NA,NA,"AVENIDA OROVILLA - CALLE DE LA UNANIMIDAD NA "
"330",-3.6039713,40.4542873,"PARQUE DE JUAN CARLOS I 1 "
"331",NA,NA,"CALLE DE ATOCHA 104 "
"332",-3.6964858,40.456588,"CALLE DEL GENERAL YAGÜE 38 "
"333",-3.6479874,40.4803299,"CALLE DE SANTA SUSANA 55 "
"334",-3.6524786,40.4603043,"CALLE DE GOMEZNARRO 4 "
"335",NA,NA,"CALLE DE FRANCISCO LARGO CABALLERO - CALLE DE NICOLAS SALMERON NA "
"336",-3.6702845,40.4091171,"CALLE DEL DOCTOR ESQUERDO 110 "
"337",-3.6432632,40.3846991,"AVENIDA DE MIGUEL HERNANDEZ - CALLE DE CASABERMEJA NA "
"338",-3.6855864,40.3988295,"CALLE DE JUAN DE MARIANA 19 "
"339",-3.652572,40.4840629,"CALLE DEL PINTOR LUCIO MUÑOZ 15 "
"340",NA,NA,"PARQUE DEL RETIRO NA "
"341",-3.7019048,40.4960804,"CALLE DE LA COSTA BRAVA - CALLE DEL MONASTERIO DE LAS HUELGAS NA "
"342",-3.6691664,40.5070825,"AVENIDA DE SANTO DOMINGO DE LA CALZADA 27 "
"343",-3.7263352,40.3917916,"CALLE DEL GENERAL RICARDOS 115 "
"344",-3.6166452,40.4587015,"AVENIDA DEL CONSEJO DE EUROPA 2 "
"345",NA,NA,"CALLE DE VITRUVIO - CALLE DEL MAESTRO RIPOLL NA "
"346",-3.7348604,40.4056314,"PASEO DE LOS OLIVOS 42 "
"347",-3.7649522,40.4006459,"CARRIL ANILLO VERDE CICLISTA KM. 12100 "
"348",NA,NA,"CALLE DE FORTUNY - CALLE DE ZURBARAN NA "
"349",NA,NA,"CALLE DE ARCOS DE JALON - CALLE DE LOS DROGUEROS NA "
"350",NA,NA,"CALLE DE LA BOLSA 11 "
"351",-3.6844995,40.4152606,"PARQUE DEL RETIRO NA "
"352",-3.65632,40.43484,"AVENIDA DE DONOSTIARRA 27 "
"353",-3.7043669,40.4501633,"CALLE DE BRAVO MURILLO - CALLE DE JUAN PANTOJA NA "
"354",NA,NA,"CALLE DE JERONIMA LLORENTE 75 "
"355",-3.7019808,40.4469595,"CALLE DE RAIMUNDO FERNANDEZ VILLAVERDE 15 "
"356",NA,NA,"CALLE DE CARRERO JUAN RAMON 19 "
"357",NA,NA,"CALLE DE ESTOCOLMO 26 "
"358",NA,NA,"CALLE DE ANTONIO DE LEYVA - CALLE DE TOMAS MEABE NA "
"359",-3.6735727,40.421263,"CALLE DE O'DONNELL 44 "
"360",NA,NA,"CALLE DE LA PIROTECNIA - CALLE DE LOS SONDEOS NA "
"361",-3.6933151,40.426258,"CALLE DE GENOVA 20 "
"362",NA,NA,"AVENIDA DE NICETO ALCALA ZAMORA - CALLE DE ANA DE AUSTRIA NA "
"363",-3.6929438,40.4112021,"PASEO DEL PARDO 37 "
"364",-3.6085604,40.4195882,"CALLE DE SOFIA 9 "
"365",NA,NA,"CALLE DE ROBERTO DOMINGO 3 "
"366",NA,NA,"JARDIN DEL PARROCO SANCHEZ CAMARA - PASEO DEL DOCTOR VALLEJO NAGERA NA "
"367",-3.7109346,40.3980331,"PARQUE DE MADRID RIO (RIBERA OESTE) KM. 3800 "
"368",NA,NA,"PASEO DE RUPERTO CHAPI NA "
"369",-3.7208752,40.4319277,"CALLE DE ROMERO ROBLEDO 12 "
"370",NA,NA,"AVENIDA DE LOS POBLADOS - AVENIDA DEL EURO NA "
"371",-3.6972508,40.418826,"CALLE GRAN VIA - CALLE DE ALCALA NA "
"372",NA,NA,"CALLE DE JOAQUIN TURINA - CALLE DEL JACOBEO NA "
"373",-3.778788,40.411686,"CARRETERA DE RODAJOS - PASEO DE LA VENTA NA "
"374",-3.6699455,40.4417552,"CALLE DE CORAZON DE MARIA 9 "
"375",NA,NA,"CALLE DE BLANES - CALLE DEL MARQUES DE BERNA NA "
"376",-3.6983294,40.4482197,"CALLE DE HERNANI - CALLE DEL COMANDANTE ZORITA NA "
"377",NA,NA,"CALLE DEL DOCTOR VELASCO - PASEO DE LA INFANTA ISABEL NA "
"378",-3.6934635,40.4034015,"PASEO DE LAS DELICIAS 43 "
"379",-3.7623099,40.4046477,"CARRETERA DEL ZOO NA "
"380",-3.7150134,40.4110229,"CALLE DE JERTE 1 "
"381",-3.7113689,40.4138092,"CALLE DE SEGOVIA - CUESTA DE LA VEGA NA "
"382",NA,NA,"AVENIDA DE LOS POBLADOS - AVENIDA DEL EURO NA "
"383",-3.7622436,40.4045555,"PUERTA DEL BATAN NA "
"384",NA,NA,"CALLE DE ALCALA - CALLE DEL MARQUES DE CUBAS NA "
"385",-3.7050631,40.4022804,"PASEO DE LA ESPERANZA 17 "
"386",-3.7170286,40.4205051,"CUESTA DE SAN VICENTE 34 "
"387",-3.7505342,40.3960011,"CALLE DE LA DUQUESA DE PARCENT 98 "
"388",-3.6317207,40.439284,"AVENIDA DE MENENDEZ PELAYO - CALLE DE ALCALA NA "
"389",-3.685362,40.4209802,"CALLE DE ALCALA 87 "
"390",NA,NA,"CALLE DEL DOCTOR ESQUERDO 182 "
"391",-3.691289,40.424509,"PASEO DE RECOLETOS 37 "
"392",-3.6876032,40.4307756,"CALLE DE JOSE ORTEGA Y GASSET 5 "
"393",NA,NA,"PLAZA DE SANTA BARBARA 2 "
"394",-3.6950021,40.4281164,"CALLE DE ALMAGRO 4 "
"395",NA,NA,"CALLE DE MEQUINENZA 12 "
"396",-3.6947356,40.4188361,"CALLE DE ALCALA 48 "
"397",-3.778788,40.411686,"CARRETERA DE RODAJOS NA "
"398",-3.679142,40.402839,"AVENIDA DE LA CIUDAD DE BARCELONA - CALLE DE LEON GIL DE PALACIO NA "
"399",-3.7124427,40.3863094,"CALLE DE MANUEL NOYA 19 "
"400",-3.7165855,40.3971832,"CALLE DEL GENERAL RICARDOS 3 "
"401",-3.6942378,40.4246925,"CALLE DEL GENERAL CASTAÑOS 1 "
"402",-3.6993859,40.4198094,"CALLE GRAN VIA 16 "
"403",-3.68912,40.41493,"CALLE DE ALFONSO XII 30 "
"404",NA,NA,"PASEO DE LA CASTELLANA 89 "
"405",NA,NA,"CALLE DE LOS EVANGELIOS - CALLE DE SANTUARIO NA "
"406",NA,NA,"GLORIETA DE PUERTA DE TOLEDO 1 "
"407",-3.7097175,40.4448139,"PASEO DE SAN FRANCISCO DE SALES 41 "
"408",-3.7109346,40.3980331,"PARQUE DE MADRID RIO (RIBERA OESTE) KM. 2500 "
"409",-3.7109346,40.3980331,"PARQUE DE MADRID RIO (RIBERA ESTE) KM. 4900 "
"410",-3.7049249,40.4426894,"CALLE DE ESQUILACHE 2 "
"411",NA,NA,"AVENIDA DE ARCENTALES - AVENIDA DE CANILLEJAS A VICALVARO NA "
"412",-3.6962818,40.4178139,"CALLE DE ALCALA - CALLE DEL MARQUES DE CASA RIERA NA "
"413",NA,NA,"PASEO DE CAMOENS Y VALERO - PASEO DE RUPERTO CHAPI NA "
"414",-3.6896745,40.4325543,"PASEO DE LA CASTELLANA 33 "
"415",NA,NA,"GLORIETA DE RUBEN DARIO - PASEO DE EDUARDO DATO NA "
"416",NA,NA,"CALLE DE SEGOVIA 13 "
"417",NA,NA,"CALLE DEL DOCTOR TOLOSA LATOUR 7 "
"418",-3.70802,40.40335,"PASEO DE LAS ACACIAS 29 "
"419",-3.6279559,40.3734376,"CALLE DE VALDERREBOLLO 18 "
"420",-3.6783078,40.393293,"CALLE DE MENDEZ ALVARO 78 "
"421",NA,NA,"CALLE DEL CAMINO DE LOS VINATEROS - PLAZA DEL CORREGIDOR ALONSO DE TOBAR NA "
"422",NA,NA,"AVENIDA DEL DOCTOR GARCIA TAPIA - CALLE DE FELIX RODRIGUEZ DE LA FUENTE NA "
"423",NA,NA,"CALLE DE ALCALA 40 "
"424",NA,NA,"PASEO DE RUPERTO CHAPI NA "
"425",NA,NA,"CALLE DE LAS HIGUERAS 11 "
"426",-3.7008845,40.4025589,"CALLE DE EMBAJADORES 98 "
"427",NA,NA,"PARQUE DE JUAN CARLOS I 1 "
"428",-3.6317207,40.439284,"CALLE DE ALCALA - CALLE DE VELAZQUEZ NA "
"429",-3.6206523,40.4548552,"AVENIDA DE LOS ANDES 22 "
"430",-3.6962818,40.4178139,"CALLE DE ALCALA - CALLE DEL MARQUES DE CASA RIERA NA "
"431",-3.6296904,40.4273573,"AVENIDA DE LA INSTITUCIÓN LIBRE DE ENSEÑANZA 73 "
"432",NA,NA,"CALLE DE VERSALLES 33 "
"433",NA,NA,"CALLE DE LOS HERMANOS MACHADO - CALLE DE SERVANDO BATANERO NA "
"434",-3.6863754,40.4397741,"CALLE DE SERRANO 109 "
"435",-3.6853298,40.4005072,"CALLE DE MENDEZ ALVARO 21 "
"436",NA,NA,"CALLE DE JOSE ANTONIO DE ARMONA - PASEO DE SANTA MARIA DE LA CABEZA NA "
"437",-3.6039713,40.4542873,"PARQUE DE JUAN CARLOS I 1 "
"438",-3.6910144,40.3744536,"AVENIDA DE SAN FERMIN - CALLE DE ELIZONDO NA "
"439",-3.6894737,40.4195504,"PLAZA DE LA INDEPENDENCIA 10 "
"440",-3.6813796,40.4562929,"PASEO DE LA HABANA 77 "
"441",-3.6038548,40.4013714,"CALLE DEL LAGO ISEO 2 "
"442",-3.7024731,40.4224047,"CALLE DEL BARCO 20 "
"443",-3.742601,40.4048582,"CALLE DE CEBREROS 11 "
"444",-3.70587,40.42868,"CALLE DE SAN BERNARDO 86 "
"445",NA,NA,"AVENIDA DE LAS FUERZAS ARMADAS - GLORIETA DE JOSE LUIS FERNANDEZ DEL AMO NA "
"446",NA,NA,"GLORIETA DE LAS PIRAMIDES - PASEO DE LAS ACACIAS NA "
"447",NA,NA,"CALLE DE ALCALA 81 "
"448",-3.7042871,40.4559168,"CALLE DE FRANCOS RODRIGUEZ 26 "
"449",-3.6888611,40.4645448,"PASEO DE LA CASTELLANA 214 "
"450",-3.70682,40.4103682,"CALLE DE EMBAJADORES 6 "
"451",-3.7069976,40.3952138,"AVENIDA DEL MANZANARES 176 "
"452",NA,NA,"CUESTA DE SAN VICENTE 20 "
"453",NA,NA,"CALLE DE NUESTRA SEÑORA DE VALVERDE 182 "
"454",NA,NA,"PASEO DEL PRADO - PLAZA DE LA LEALTAD NA "
"455",NA,NA,"CALLE DE PRIM - PASEO DE RECOLETOS NA "
"456",-3.7212401,40.4155472,"CALLE DE SEGOVIA - PASEO DE LA VIRGEN DEL PUERTO NA "
"457",-3.7539707,40.3960874,"CALLE DE LOS YEBENES NA "
"458",-3.7587457,40.4263555,"PARQUE DE LA CASA DE CAMPO - PASEO DEL EMBARCADERO NA "
"459",-3.7113689,40.4138092,"CALLE DE SEGOVIA - CUESTA DE LA VEGA NA "
"460",-3.6067075,40.378103,"CALLE REAL DE ARGANDA - CALLE DE POZA DE LA SAL NA "
"461",NA,NA,"CALLE DE LA LAGUNA DEL MARQUESADO - CALLE DE LA RESINA NA "
"462",-3.7025213,40.5423535,"CARRETERA DE COLMENAR VIEJO KM. 19000 "
"463",-3.6772435,40.4323534,"CALLE DE JUAN BRAVO 44 "
"464",-3.7186776,40.4148818,"PASEO DE LA CIUDAD DE PLASENCIA NA "
"465",NA,NA,"CALLE DE LA BATALLA DEL SALADO - CALLE DE PEDRO UNANUE NA "
"466",NA,NA,"CALLE DE BRAVO MURILLO 101 "
"467",NA,NA,"RONDA DE SEGOVIA 2 "
"468",-3.6909307,40.4571337,"PASEO DE LA CASTELLANA 117 "
"469",NA,NA,"AUTOVIA M-45 - AVENIDA DEL ENSANCHE DE VALLECAS NA "
"470",-3.728423,40.4146772,"AVENIDA DE PORTUGAL 67 "
"471",NA,NA,"CALLE REAL DE ARGANDA 78 "
"472",-3.7063049,40.4293535,"GLORIETA DE RUIZ JIMENEZ 1 "
"473",-3.7691452,40.4579958,"CARRETERA DE CASTILLA KM. 1500 "
"474",-3.7125801,40.4029682,"CALLE DE TOLEDO - PASEO DEL DOCTOR VALLEJO NAGERA NA "
"475",-3.6973119,40.4650413,"CALLE DE LA ALFALFA - CALLE DEL CAPITAN BLANCO ARGIBAY NA "
"476",-3.6791751,40.4718048,"CALLE DE LA HIEDRA 26 "
"477",-3.66868,40.37753,"CALLE DE LA CAMPIÑA 48 "
"478",-3.6628625,40.5157771,"PLAZA DEL NORTE - RONDA DE LA COMUNICACION NA "
"479",-3.7059749,40.4164843,"CALLE DE LA CORBETA - CALLE DE LA RIOJA NA "
"480",-3.7254401,40.4184983,"PASEO DEL EMBARCADERO 1 "
"481",-3.6520957,40.386505,"CALLE DEL RIO PARANA - CALLE DEL RIO URUGUAY NA "
"482",-3.6903639,40.351757,"CALLE DE JUAN JOSE MARTINEZ SECO 5 "
"483",-3.6907771,40.4635109,"CALLE DE ESTEBANEZ CALDERON - PASEO DE LA CASTELLANA NA "
"484",-3.7125905,40.4053643,"CALLE DE TOLEDO 128 "
"485",NA,NA,"AVENIDA DE NICETO ALCALA ZAMORA - CALLE DE ALBERTO PALACIOS NA "
"486",-3.752119,40.3917545,"CALLE DE LOS YEBENES 108 "
"487",-3.7127596,40.4068424,"CALLE DE SEGOVIA - RONDA DE SEGOVIA NA "
"488",-3.7124773,40.4081375,"CALLE DE BAILEN - GRAN VIA DE SAN FRANCISCO NA "
"489",-3.7094608,40.4390081,"CALLE DE CEA BERMUDEZ - CALLE DE VALLEHERMOSO NA "
"490",-3.695927,40.4222659,"CALLE DE BARQUILLO 21 "
"491",NA,NA,"CALLE DE TOLEDO 40 "
"492",NA,NA,"CALLE DE LOS REYES 5 "
"493",NA,NA,"CALLE DE LA RIBERA DE CURTIDORES 18 "
"494",-3.705227,40.4204389,"CALLE GRAN VIA 42 "
"495",NA,NA,"CALLE DE SANTA CATALINA - RONDA SUR NA "
"496",NA,NA,"CALLE DE FUENCARRAL 107 "
"497",-3.6781928,40.4433606,"CALLE DEL PRINCIPE DE VERGARA 132 "
"498",-3.6703517,40.4068944,"CALLE DEL DOCTOR ESQUERDO - PLAZA DEL CONDE DE CASAL NA "
"499",-3.7059894,40.4567094,"CALLE DE ANTONIO MACHADO - CALLE DE FRANCOS RODRIGUEZ NA "
"500",-3.68726,40.5239,"CARRETERA DE COLMENAR 12 "
"501",-3.7131411,40.4138002,"CALLE DE SEGOVIA 21 "
"502",-3.7050463,40.4131134,"CALLE DEL CONDE DE ROMANONES 10 "
"503",NA,NA,"CALLE DEL MARQUES DE URQUIJO 10 "
"504",-3.6597651,40.367297,"CARRETERA DE VILLAVERDE A VALLECAS KM. 4800 "
"505",-3.7064182,40.4286099,"CALLE DE SAN BERNARDO 87 "
"506",NA,NA,"GRAN VIA DE SAN FRANCISCO 1 "
"507",-3.7087597,40.448327,"AVENIDA DE LA REINA VICTORIA - AVENIDA DE PABLO IGLESIAS NA "
"508",NA,NA,"AUTOVIA M-40 - AVENIDA DE LOGROÑO NA "
"509",-3.7148338,40.4210119,"CUESTA DE SAN VICENTE 16 "
"510",-3.69938,40.43589,"CALLE DE SANTA ENGRACIA - CALLE DE VIRIATO NA "
"511",-3.6962818,40.4178139,"CALLE DE ALCALA - CALLE DEL MARQUES DE CASA RIERA NA "
"512",NA,NA,"PASEO DE LA CASTELLANA 112 "
"513",-3.6368595,40.4367555,"AVENIDA DE LA INSTITUCIÓN LIBRE DE ENSEÑANZA 15 "
"514",-3.65512,40.45481,"CALLE DE ARTURO SORIA 164 "
"515",NA,NA,"CALLE DEL DOCTOR ESQUERDO 62 "
"516",-3.6980376,40.4080104,"CALLE DE ARGUMOSA - RONDA DE ATOCHA NA "
"517",-3.7113375,40.4524375,"AVENIDA DEL DOCTOR FEDERICO RUBIO Y GALI - CALLE DE ALEJANDRO RODRIGUEZ NA "
"518",NA,NA,"CALLE DE ATOCHA 116 "
"519",NA,NA,"CALLE DE CERECINOS - CALLE DE MARCELO USERA NA "
"520",-3.6651525,40.4351264,"CALLE DE MARTINEZ IZQUIERDO 62 "
"521",-3.7068097,40.3856549,"CALLE DE MARCELO USERA - CALLE DE NICOLAS USERA NA "
"522",-3.7143885,40.4234692,"CALLE DE FERRAZ 4 "
"523",-3.6780089,40.4448867,"CALLE DEL PRINCIPE DE VERGARA 142 "
"524",-3.6755623,40.4057279,"CALLE DE CAVANILLES 36 "
"525",-3.708826,40.4068773,"PLAZA DEL CAMPILLO DEL MUNDO NUEVO - RONDA DE TOLEDO NA "
"526",NA,NA,"AVENIDA DE FRANCISCO JAVIER SÁENZ DE OIZA - AVENIDA DE MANUEL FRAGA IRIBARNE NA "
"527",-3.626686,40.4383347,"CALLE DE RUFINO GONZALEZ 23 "
"528",-3.689475,40.42703,"PASEO DE LA CASTELLANA - PLAZA DE COLON NA "
"529",-3.7784758,40.4078185,"CAMINO DEL HUMERA NA "
"530",NA,NA,"PASEO DE MEDIANIL NA "
"531",-3.7097365,40.466739,"PARQUE DE AGUSTIN RODRIGUEZ SAHAGUN NA "
"532",-3.6846895,40.4302007,"CALLE DE JOSE ORTEGA Y GASSET - PASEO DE LA CASTELLANA NA "
"533",-3.7143885,40.4234692,"CALLE DE FERRAZ 4 "
"534",NA,NA,"CALLE DE ATOCHA - PLAZA DE SANTA ANA NA "
"535",NA,NA,"AVENIDA DE LA PRINCESA JUANA DE AUSTRIA - AVENIDA DE LOS POBLADOS NA "
"536",NA,NA,"CALLE DE ALCALA 204 "
"537",-3.6790299,40.4032864,"AVENIDA DE LA CIUDAD DE BARCELONA 142 "
"538",-3.6932687,40.3818929,"CAMINO DE PERALES 14 "
"539",-3.6862089,40.430316,"CALLE DE JOSE ORTEGA Y GASSET 8 "
"540",-3.7421708,40.3727389,"AVENIDA DE LOS POBLADOS - CALLE VIA LUSITANA NA "
"541",-3.7002191,40.4495738,"CALLE DE PALENCIA 32 "
"542",NA,NA,"AVENIDA DE RAFAELA YBARRA 30 "
"543",NA,NA,"PASEO DEL PRADO 7 "
"544",NA,NA,"AVENIDA DE NICETO ALCALA ZAMORA - CALLE DE AMERICO CASTRO NA "
"545",-3.718255,40.435775,"CALLE DE FERNANDEZ DE LOS RIOS - CALLE DE ISAAC PERAL NA "
"546",-3.6777387,40.4164946,"AVENIDA DE MENENDEZ PELAYO 51 "
"547",-3.7028584,40.4295038,"CALLE DE FUENCARRAL 111 "
"548",NA,NA,"CALLE DE ATOCHA 90 "
"549",NA,NA,"AVENIDA DE LOS POBLADOS - AVENIDA DEL EURO NA "
"550",-3.6325434,40.4064595,"CALLE DE LA FUENTE CARRANTONA 31 "
"551",NA,NA,"CALLE DE ANDRES MELLADO - CALLE DE CEA BERMUDEZ NA "
"552",-3.7101282,40.4061102,"RONDA DE TOLEDO 10 "
"553",NA,NA,"CALLE DE ALCALA 303 "
"554",-3.6817024,40.4556302,"PASEO DE LA HABANA 80 "
"555",NA,NA,"CALLE DE FERMIN CABALLERO - CALLE DE LA ISLA DE AROSA NA "
"556",-3.6939986,40.4188493,"PASEO DEL PRADO 2 "
"557",-3.7075995,40.4139221,"CALLE DE TOLEDO 24 "
"558",-3.6039713,40.4542873,"PARQUE DE JUAN CARLOS I 1 "
"559",NA,NA,"AVENIDA DE LA GAVIA - CALLE DE ALAMEDA DEL VALLE NA "
"560",-3.6871171,40.4058587,"AVENIDA DE LA CIUDAD DE BARCELONA 2 "
"561",-3.68515,40.4305441,"CALLE DE JOSE ORTEGA Y GASSET 19 "
"562",NA,NA,"CALLE DE DONOSO CORTES - CALLE DE HILARION ESLAVA NA "
"563",-3.726996,40.4259748,"AVENIDA DE VALLADOLID 5 "
"564",NA,NA,"CALLE DE ASURA - CALLE DE ULISES NA "
"565",-3.6032896,40.4538011,"AVENIDA DE LOGROÑO - CALLE DE LOS JARDINES DE ARANJUEZ NA "
"566",NA,NA,"CALLE DE LAS FLAUTAS - CALLE DEL JACOBEO NA "
"567",NA,NA,"CALLE DE JULIA GARCIA BOUTAN - CALLE DE SOFIA NA "
"568",NA,NA,"CALLE DE MIGUEL SERVET - CALLE DEL MESON DE PAREDES NA "
"569",-3.6933107,40.4094376,"CALLE DE ATOCHA 114 "
"570",-3.7114906,40.4025808,"GLORIETA DE LAS PIRAMIDES - PASEO DE LAS ACACIAS NA "
"571",-3.6309681,40.4342316,"CALLE DE JULIAN CAMARILLO - CALLE DE LOS HERMANOS GARCIA NOBLEJAS NA "
"572",-3.6978441,40.4400491,"CALLE DE ALONSO CANO 53 "
"573",-3.7194239,40.4874896,"PASEO DEL PIÑONERO 1 "
"574",NA,NA,"PASEO DE LA CASTELLANA 121 "
"575",-3.6099678,40.4300711,"CALLE DE JULIA GARCIA BOUTAN 5 "
"576",-3.7004114,40.4305264,"CALLE DE LUCHANA 21 "
"577",-3.7179995,40.413696,"CALLE DE SEGOVIA 49 "
"578",-3.7649522,40.4006459,"CARRIL ANILLO VERDE CICLISTA KM. 7800 "
"579",NA,NA,"CALLE DE AGASTIA - CALLE DE JUAN PEREZ ZUÑIGA NA "
"580",-3.6921908,40.4377881,"CALLE DE JOSE ABASCAL 56 "
"581",-3.693407,40.4121412,"PASEO DEL PRADO 26 "
"582",-3.7128811,40.4137895,"CALLE DE SEGOVIA 19 "
"583",NA,NA,"AVENIDA DE LA GRAN VIA DEL ESTE - AVENIDA DE LAS COMUNIDADES NA "
"584",-3.6917359,40.4412046,"PASEO DE LA CASTELLANA - PLAZA DE SAN JUAN DE LA CRUZ NA "
"585",-3.6933378,40.4387019,"CALLE DE MALAGA - CALLE DE ZURBANO NA "
"586",-3.7060121,40.4165847,"CALLE MAYOR 8 "
"587",NA,NA,"CALLE DE DRESDE 1 "
"588",-3.7073123,40.4240227,"CALLE DE SAN BERNARDO 40 "
"589",-3.7060982,40.417233,"PLAZA DEL CELENQUE 1 "
"590",NA,NA,"CALLE DE ANTONIO DE LEYVA 1 "
"591",NA,NA,"AVENIDA DE LA ALBUFERA - AVENIDA DE PABLO NERUDA NA "
"592",-3.6844995,40.4152606,"PARQUE DEL RETIRO NA "
"593",NA,NA,"CALLE VIA CARPETANA - PASEO DE LA ERMITA DEL SANTO NA "
"594",-3.703221,40.3741625,"CALLE DEL DOCTOR TOLOSA LATOUR 16 "
"595",-3.707661,40.423015,"CALLE GRAN VIA - CALLE DE SAN BERNARDO NA "
"596",-3.6775417,40.5061234,"CALLE DE CASTIELLO DE JACA 39 "
"597",NA,NA,"AUTOVIA M-40 - AVENIDA DE CANILLEJAS A VICALVARO NA "
"598",-3.6878898,40.4232406,"CALLE DE SERRANO 20 "
"599",-3.670151,40.4101394,"CALLE DEL DOCTOR ESQUERDO 102 "
"600",NA,NA,"CALLE DE BRAVO MURILLO 176 "
"601",-3.7039751,40.4522234,"CALLE DE GOIRI 4 "
"602",-3.604916,40.376101,"AVENIDA DE SANTA EUGENIA - CALLE REAL DE ARGANDA NA "
"603",NA,NA,"CALLE DEL DOCTOR SALGADO - CALLE DEL MONTE OLIVETTI NA "
"604",-3.6913592,40.3791862,"CALLE DE LA MEZQUITA - CAMINO DE PERALES NA "
"605",NA,NA,"PASEO DE LA CASTELLANA 105 "
"606",NA,NA,"CALLE DE BALEARES - PASEO DE SANTA MARIA DE LA CABEZA NA "
"607",-3.7626931,40.381038,"CALLE DE LA VIDAUBA 1 "
"608",-3.6945691,40.4273928,"CALLE DE GENOVA 7 "
"609",NA,NA,"AVENIDA DE VALLADOLID - PLAZA DE LA REPUBLICA DE CHILE NA "
"610",NA,NA,"CALLE DEL CRISTO DE LA VICTORIA 47 "
"611",NA,NA,"CALLE DE CORAZON DE MARIA - CALLE DE RAMOS CARRION NA "
"612",NA,NA,"AVENIDA DE RAFAELA YBARRA - CALLE DE LEIZA NA "
"613",-3.7417623,40.3728792,"AVENIDA DE LOS POBLADOS - CALLE DE LA SECOYA NA "
"614",-3.67061,40.4084,"CALLE DE ANGEL GANIVET 28 "
"615",-3.7036724,40.414945,"CALLE DE CARRETAS 14 "
"616",-3.692654,40.4236502,"CALLE DEL MARQUES DE LA ENSENADA 2 "
"617",-3.7166625,40.4054339,"CALLE DE SANTA MARIA LA REAL DE NIEVA - PASEO IMPERIAL NA "
"618",-3.6997881,40.4369372,"CALLE DE SANTA ENGRACIA 101 "
"619",-3.7124996,40.422296,"PLAZA DE ESPAÑA 8 "
"620",NA,NA,"CALLE DE LA SIERRA DE ATAPUERCA - CALLE DE PALAS DE REY NA "
"621",NA,NA,"CALLE DE ZURBARAN - CALLE DEL MONTE ESQUINZA NA "
"622",NA,NA,"AVENIDA DE LOS POBLADOS - AVENIDA DEL EURO NA "
"623",-3.887755,40.8886527,"AVENIDA DEL MONASTERIO DE SILOS - CALLE DEL MONASTERIO DE EL PAULAR NA "
"624",NA,NA,"CALLE DE LA FE - CALLE DE ZURITA NA "
"625",-3.6965017,40.4273094,"PLAZA DE SANTA BARBARA 3 "
"626",-3.703646,40.4315147,"CALLE DE FUENCARRAL 131 "
"627",NA,NA,"CALLE DE FRANCISCO SANTOS - CALLE DE MARTINEZ IZQUIERDO NA "
"628",NA,NA,"CALLE DE ALBASANZ - CALLE DE RUFINO GONZALEZ NA "
"629",-3.6690212,40.4276999,"CALLE DE ALCALA - PLAZA DE MANUEL BECERRA NA "
"630",-3.7403432,40.3729211,"CALLE DE LA DOBLA 5 "
"631",-3.697647,40.4319019,"CALLE DE SANTA ENGRACIA 39 "
"632",-3.6874505,40.4462218,"CALLE DE JOAQUIN COSTA 21 "
"633",-3.7038237,40.4437096,"CALLE DE BRAVO MURILLO 62 "
"634",-3.7093923,40.3958877,"AVENIDA DEL MANZANARES 158 "
"635",-3.6301027,40.4088547,"CALLE DE TIMANFAYA 2 "
"636",NA,NA,"CALLE DE JOSE ABASCAL 48 "
"637",-3.718255,40.435775,"CALLE DE FERNANDEZ DE LOS RIOS - CALLE DE ISAAC PERAL NA "
"638",NA,NA,"CALLE DEL GENERAL ORAA - PASEO DE LA CASTELLANA NA "
"639",NA,NA,"CALLE DEL DOCTOR CORTEZO 3 "
"640",NA,NA,"CALLE DEL HIERRO 21 "
"641",-3.6858143,40.4896214,"AVENIDA DEL LLANO CASTELLANO 43 "
"642",-3.7649522,40.4006459,"CARRIL ANILLO VERDE CICLISTA KM. 33400 "
